file_path,filename,speaker_id,attack_type,label,ground_truth_binary,split
C:\Users\jayan\OneDrive\Desktop\VERA\data\asvspoof2019\dev\flac\LA_D_1047731.flac,LA_D_1047731.flac,LA_0069,-,bonafide,1,cal_fit
C:\Users\jayan\OneDrive\Desktop\VERA\data\asvspoof2019\dev\flac\LA_D_1105538.flac,LA_D_1105538.flac,LA_0069,-,bonafide,1,cal_fit
C:\Users\jayan\OneDrive\Desktop\VERA\data\asvspoof2019\dev\flac\LA_D_1125976.flac,LA_D_1125976.flac,LA_0069,-,bonafide,1,cal_fit
C:\Users\jayan\OneDrive\Desktop\VERA\data\asvspoof2019\dev\flac\LA_D_1293230.flac,LA_D_1293230.flac,LA_0069,-,bonafide,1,cal_fit
C:\Users\jayan\OneDrive\Desktop\VERA\data\asvspoof2019\dev\flac\LA_D_1340209.flac,LA_D_1340209.flac,LA_0069,-,bonafide,1,cal_fit
C:\Users\jayan\OneDrive\Desktop\VERA\data\asvspoof2019\dev\flac\LA_D_1376638.flac,LA_D_1376638.flac,LA_0069,-,bonafide,1,cal_fit
C:\Users\jayan\OneDrive\Desktop\VERA\data\asvspoof2019\dev\flac\LA_D_1377420.flac,LA_D_1377420.flac,LA_0069,-,bonafide,1,cal_fit
C:\Users\jayan\OneDrive\Desktop\VERA\data\asvspoof2019\dev\flac\LA_D_1403371.flac,LA_D_1403371.flac,LA_0069,-,bonafide,1,cal_fit
C:\Users\jayan\OneDrive\Desktop\VERA\data\asvspoof2019\dev\flac\LA_D_1590530.flac,LA_D_1590530.flac,LA_0069,-,bonafide,1,cal_fit
C:\Users\jayan\OneDrive\Desktop\VERA\data\asvspoof2019\dev\flac\LA_D_1595036.flac,LA_D_1595036.flac,LA_0069,-,bonafide,1,cal_fit
C:\Users\jayan\OneDrive\Desktop\VERA\data\asvspoof2019\dev\flac\LA_D_1618135.flac,LA_D_1618135.flac,LA_0069,-,bonafide,1,cal_fit
C:\Users\jayan\OneDrive\Desktop\VERA\data\asvspoof2019\dev\flac\LA_D_1624385.flac,LA_D_1624385.flac,LA_0069,-,bonafide,1,cal_fit
C:\Users\jayan\OneDrive\Desktop\VERA\data\asvspoof2019\dev\flac\LA_D_1766721.flac,LA_D_1766721.flac,LA_0069,-,bonafide,1,cal_fit
C:\Users\jayan\OneDrive\Desktop\VERA\data\asvspoof2019\dev\flac\LA_D_1833136.flac,LA_D_1833136.flac,LA_0069,-,bonafide,1,cal_fit
C:\Users\jayan\OneDrive\Desktop\VERA\data\asvspoof2019\dev\flac\LA_D_1837988.flac,LA_D_1837988.flac,LA_0069,-,bonafide,1,cal_fit
C:\Users\jayan\OneDrive\Desktop\VERA\data\asvspoof2019\dev\flac\LA_D_1849134.flac,LA_D_1849134.flac,LA_0069,-,bonafide,1,cal_fit
C:\Users\jayan\OneDrive\Desktop\VERA\data\asvspoof2019\dev\flac\LA_D_1865278.flac,LA_D_1865278.flac,LA_0069,-,bonafide,1,cal_fit
C:\Users\jayan\OneDrive\Desktop\VERA\data\asvspoof2019\dev\flac\LA_D_1896334.flac,LA_D_1896334.flac,LA_0069,-,bonafide,1,cal_fit
C:\Users\jayan\OneDrive\Desktop\VERA\data\asvspoof2019\dev\flac\LA_D_1911275.flac,LA_D_1911275.flac,LA_0069,-,bonafide,1,cal_fit
C:\Users\jayan\OneDrive\Desktop\VERA\data\asvspoof2019\dev\flac\LA_D_2112837.flac,LA_D_2112837.flac,LA_0069,-,bonafide,1,cal_fit
C:\Users\jayan\OneDrive\Desktop\VERA\data\asvspoof2019\dev\flac\LA_D_2160989.flac,LA_D_2160989.flac,LA_0069,-,bonafide,1,cal_fit
C:\Users\jayan\OneDrive\Desktop\VERA\data\asvspoof2019\dev\flac\LA_D_2242311.flac,LA_D_2242311.flac,LA_0069,-,bonafide,1,cal_fit
C:\Users\jayan\OneDrive\Desktop\VERA\data\asvspoof2019\dev\flac\LA_D_2250508.flac,LA_D_2250508.flac,LA_0069,-,bonafide,1,cal_fit
C:\Users\jayan\OneDrive\Desktop\VERA\data\asvspoof2019\dev\flac\LA_D_2414004.flac,LA_D_2414004.flac,LA_0069,-,bonafide,1,cal_fit
C:\Users\jayan\OneDrive\Desktop\VERA\data\asvspoof2019\dev\flac\LA_D_2448116.flac,LA_D_2448116.flac,LA_0069,-,bonafide,1,cal_fit
C:\Users\jayan\OneDrive\Desktop\VERA\data\asvspoof2019\dev\flac\LA_D_2462911.flac,LA_D_2462911.flac,LA_0069,-,bonafide,1,cal_fit
C:\Users\jayan\OneDrive\Desktop\VERA\data\asvspoof2019\dev\flac\LA_D_2559281.flac,LA_D_2559281.flac,LA_0069,-,bonafide,1,cal_fit
C:\Users\jayan\OneDrive\Desktop\VERA\data\asvspoof2019\dev\flac\LA_D_2666979.flac,LA_D_2666979.flac,LA_0069,-,bonafide,1,cal_fit
C:\Users\jayan\OneDrive\Desktop\VERA\data\asvspoof2019\dev\flac\LA_D_1008730.flac,LA_D_1008730.flac,LA_0069,A01,spoof,0,cal_fit
C:\Users\jayan\OneDrive\Desktop\VERA\data\asvspoof2019\dev\flac\LA_D_1034049.flac,LA_D_1034049.flac,LA_0069,A01,spoof,0,cal_fit
C:\Users\jayan\OneDrive\Desktop\VERA\data\asvspoof2019\dev\flac\LA_D_1048723.flac,LA_D_1048723.flac,LA_0069,A01,spoof,0,cal_fit
C:\Users\jayan\OneDrive\Desktop\VERA\data\asvspoof2019\dev\flac\LA_D_1067573.flac,LA_D_1067573.flac,LA_0069,A01,spoof,0,cal_fit
C:\Users\jayan\OneDrive\Desktop\VERA\data\asvspoof2019\dev\flac\LA_D_1091909.flac,LA_D_1091909.flac,LA_0069,A01,spoof,0,cal_fit
C:\Users\jayan\OneDrive\Desktop\VERA\data\asvspoof2019\dev\flac\LA_D_1092958.flac,LA_D_1092958.flac,LA_0069,A01,spoof,0,cal_fit
C:\Users\jayan\OneDrive\Desktop\VERA\data\asvspoof2019\dev\flac\LA_D_1095842.flac,LA_D_1095842.flac,LA_0069,A01,spoof,0,cal_fit
C:\Users\jayan\OneDrive\Desktop\VERA\data\asvspoof2019\dev\flac\LA_D_1017803.flac,LA_D_1017803.flac,LA_0069,A02,spoof,0,cal_fit
C:\Users\jayan\OneDrive\Desktop\VERA\data\asvspoof2019\dev\flac\LA_D_1042992.flac,LA_D_1042992.flac,LA_0069,A02,spoof,0,cal_fit
C:\Users\jayan\OneDrive\Desktop\VERA\data\asvspoof2019\dev\flac\LA_D_1055140.flac,LA_D_1055140.flac,LA_0069,A02,spoof,0,cal_fit
C:\Users\jayan\OneDrive\Desktop\VERA\data\asvspoof2019\dev\flac\LA_D_1058368.flac,LA_D_1058368.flac,LA_0069,A02,spoof,0,cal_fit
C:\Users\jayan\OneDrive\Desktop\VERA\data\asvspoof2019\dev\flac\LA_D_1077352.flac,LA_D_1077352.flac,LA_0069,A02,spoof,0,cal_fit
C:\Users\jayan\OneDrive\Desktop\VERA\data\asvspoof2019\dev\flac\LA_D_1079715.flac,LA_D_1079715.flac,LA_0069,A02,spoof,0,cal_fit
C:\Users\jayan\OneDrive\Desktop\VERA\data\asvspoof2019\dev\flac\LA_D_1082954.flac,LA_D_1082954.flac,LA_0069,A02,spoof,0,cal_fit
C:\Users\jayan\OneDrive\Desktop\VERA\data\asvspoof2019\dev\flac\LA_D_1050796.flac,LA_D_1050796.flac,LA_0069,A03,spoof,0,cal_fit
C:\Users\jayan\OneDrive\Desktop\VERA\data\asvspoof2019\dev\flac\LA_D_1111959.flac,LA_D_1111959.flac,LA_0069,A03,spoof,0,cal_fit
C:\Users\jayan\OneDrive\Desktop\VERA\data\asvspoof2019\dev\flac\LA_D_1126102.flac,LA_D_1126102.flac,LA_0069,A03,spoof,0,cal_fit
C:\Users\jayan\OneDrive\Desktop\VERA\data\asvspoof2019\dev\flac\LA_D_1144419.flac,LA_D_1144419.flac,LA_0069,A03,spoof,0,cal_fit
C:\Users\jayan\OneDrive\Desktop\VERA\data\asvspoof2019\dev\flac\LA_D_1151564.flac,LA_D_1151564.flac,LA_0069,A03,spoof,0,cal_fit
C:\Users\jayan\OneDrive\Desktop\VERA\data\asvspoof2019\dev\flac\LA_D_1154251.flac,LA_D_1154251.flac,LA_0069,A03,spoof,0,cal_fit
C:\Users\jayan\OneDrive\Desktop\VERA\data\asvspoof2019\dev\flac\LA_D_1154657.flac,LA_D_1154657.flac,LA_0069,A03,spoof,0,cal_fit
C:\Users\jayan\OneDrive\Desktop\VERA\data\asvspoof2019\dev\flac\LA_D_1006800.flac,LA_D_1006800.flac,LA_0069,A04,spoof,0,cal_fit
C:\Users\jayan\OneDrive\Desktop\VERA\data\asvspoof2019\dev\flac\LA_D_1012014.flac,LA_D_1012014.flac,LA_0069,A04,spoof,0,cal_fit
C:\Users\jayan\OneDrive\Desktop\VERA\data\asvspoof2019\dev\flac\LA_D_1023711.flac,LA_D_1023711.flac,LA_0069,A04,spoof,0,cal_fit
C:\Users\jayan\OneDrive\Desktop\VERA\data\asvspoof2019\dev\flac\LA_D_1025449.flac,LA_D_1025449.flac,LA_0069,A04,spoof,0,cal_fit
C:\Users\jayan\OneDrive\Desktop\VERA\data\asvspoof2019\dev\flac\LA_D_1035630.flac,LA_D_1035630.flac,LA_0069,A04,spoof,0,cal_fit
C:\Users\jayan\OneDrive\Desktop\VERA\data\asvspoof2019\dev\flac\LA_D_1079849.flac,LA_D_1079849.flac,LA_0069,A04,spoof,0,cal_fit
C:\Users\jayan\OneDrive\Desktop\VERA\data\asvspoof2019\dev\flac\LA_D_1108554.flac,LA_D_1108554.flac,LA_0069,A04,spoof,0,cal_fit
C:\Users\jayan\OneDrive\Desktop\VERA\data\asvspoof2019\dev\flac\LA_D_1002910.flac,LA_D_1002910.flac,LA_0069,A05,spoof,0,cal_fit
C:\Users\jayan\OneDrive\Desktop\VERA\data\asvspoof2019\dev\flac\LA_D_1006756.flac,LA_D_1006756.flac,LA_0069,A05,spoof,0,cal_fit
C:\Users\jayan\OneDrive\Desktop\VERA\data\asvspoof2019\dev\flac\LA_D_1036574.flac,LA_D_1036574.flac,LA_0069,A05,spoof,0,cal_fit
C:\Users\jayan\OneDrive\Desktop\VERA\data\asvspoof2019\dev\flac\LA_D_1115782.flac,LA_D_1115782.flac,LA_0069,A05,spoof,0,cal_fit
C:\Users\jayan\OneDrive\Desktop\VERA\data\asvspoof2019\dev\flac\LA_D_1142805.flac,LA_D_1142805.flac,LA_0069,A05,spoof,0,cal_fit
C:\Users\jayan\OneDrive\Desktop\VERA\data\asvspoof2019\dev\flac\LA_D_1145475.flac,LA_D_1145475.flac,LA_0069,A05,spoof,0,cal_fit
C:\Users\jayan\OneDrive\Desktop\VERA\data\asvspoof2019\dev\flac\LA_D_1170738.flac,LA_D_1170738.flac,LA_0069,A05,spoof,0,cal_fit
C:\Users\jayan\OneDrive\Desktop\VERA\data\asvspoof2019\dev\flac\LA_D_1029617.flac,LA_D_1029617.flac,LA_0069,A06,spoof,0,cal_fit
C:\Users\jayan\OneDrive\Desktop\VERA\data\asvspoof2019\dev\flac\LA_D_1059142.flac,LA_D_1059142.flac,LA_0069,A06,spoof,0,cal_fit
C:\Users\jayan\OneDrive\Desktop\VERA\data\asvspoof2019\dev\flac\LA_D_1062379.flac,LA_D_1062379.flac,LA_0069,A06,spoof,0,cal_fit
C:\Users\jayan\OneDrive\Desktop\VERA\data\asvspoof2019\dev\flac\LA_D_1091297.flac,LA_D_1091297.flac,LA_0069,A06,spoof,0,cal_fit
C:\Users\jayan\OneDrive\Desktop\VERA\data\asvspoof2019\dev\flac\LA_D_1100577.flac,LA_D_1100577.flac,LA_0069,A06,spoof,0,cal_fit
C:\Users\jayan\OneDrive\Desktop\VERA\data\asvspoof2019\dev\flac\LA_D_1124488.flac,LA_D_1124488.flac,LA_0069,A06,spoof,0,cal_fit
C:\Users\jayan\OneDrive\Desktop\VERA\data\asvspoof2019\dev\flac\LA_D_1146285.flac,LA_D_1146285.flac,LA_0069,A06,spoof,0,cal_fit
C:\Users\jayan\OneDrive\Desktop\VERA\data\asvspoof2019\dev\flac\LA_D_1090286.flac,LA_D_1090286.flac,LA_0070,-,bonafide,1,cal_fit
C:\Users\jayan\OneDrive\Desktop\VERA\data\asvspoof2019\dev\flac\LA_D_1119156.flac,LA_D_1119156.flac,LA_0070,-,bonafide,1,cal_fit
C:\Users\jayan\OneDrive\Desktop\VERA\data\asvspoof2019\dev\flac\LA_D_1173765.flac,LA_D_1173765.flac,LA_0070,-,bonafide,1,cal_fit
C:\Users\jayan\OneDrive\Desktop\VERA\data\asvspoof2019\dev\flac\LA_D_1219450.flac,LA_D_1219450.flac,LA_0070,-,bonafide,1,cal_fit
C:\Users\jayan\OneDrive\Desktop\VERA\data\asvspoof2019\dev\flac\LA_D_1239754.flac,LA_D_1239754.flac,LA_0070,-,bonafide,1,cal_fit
C:\Users\jayan\OneDrive\Desktop\VERA\data\asvspoof2019\dev\flac\LA_D_1245000.flac,LA_D_1245000.flac,LA_0070,-,bonafide,1,cal_fit
C:\Users\jayan\OneDrive\Desktop\VERA\data\asvspoof2019\dev\flac\LA_D_1279882.flac,LA_D_1279882.flac,LA_0070,-,bonafide,1,cal_fit
C:\Users\jayan\OneDrive\Desktop\VERA\data\asvspoof2019\dev\flac\LA_D_1399387.flac,LA_D_1399387.flac,LA_0070,-,bonafide,1,cal_fit
C:\Users\jayan\OneDrive\Desktop\VERA\data\asvspoof2019\dev\flac\LA_D_1409575.flac,LA_D_1409575.flac,LA_0070,-,bonafide,1,cal_fit
C:\Users\jayan\OneDrive\Desktop\VERA\data\asvspoof2019\dev\flac\LA_D_1426585.flac,LA_D_1426585.flac,LA_0070,-,bonafide,1,cal_fit
C:\Users\jayan\OneDrive\Desktop\VERA\data\asvspoof2019\dev\flac\LA_D_1472077.flac,LA_D_1472077.flac,LA_0070,-,bonafide,1,cal_fit
C:\Users\jayan\OneDrive\Desktop\VERA\data\asvspoof2019\dev\flac\LA_D_1518150.flac,LA_D_1518150.flac,LA_0070,-,bonafide,1,cal_fit
C:\Users\jayan\OneDrive\Desktop\VERA\data\asvspoof2019\dev\flac\LA_D_1614129.flac,LA_D_1614129.flac,LA_0070,-,bonafide,1,cal_fit
C:\Users\jayan\OneDrive\Desktop\VERA\data\asvspoof2019\dev\flac\LA_D_1714000.flac,LA_D_1714000.flac,LA_0070,-,bonafide,1,cal_fit
C:\Users\jayan\OneDrive\Desktop\VERA\data\asvspoof2019\dev\flac\LA_D_1789452.flac,LA_D_1789452.flac,LA_0070,-,bonafide,1,cal_fit
C:\Users\jayan\OneDrive\Desktop\VERA\data\asvspoof2019\dev\flac\LA_D_1819301.flac,LA_D_1819301.flac,LA_0070,-,bonafide,1,cal_fit
C:\Users\jayan\OneDrive\Desktop\VERA\data\asvspoof2019\dev\flac\LA_D_1879957.flac,LA_D_1879957.flac,LA_0070,-,bonafide,1,cal_fit
C:\Users\jayan\OneDrive\Desktop\VERA\data\asvspoof2019\dev\flac\LA_D_1884465.flac,LA_D_1884465.flac,LA_0070,-,bonafide,1,cal_fit
C:\Users\jayan\OneDrive\Desktop\VERA\data\asvspoof2019\dev\flac\LA_D_1975885.flac,LA_D_1975885.flac,LA_0070,-,bonafide,1,cal_fit
C:\Users\jayan\OneDrive\Desktop\VERA\data\asvspoof2019\dev\flac\LA_D_1993949.flac,LA_D_1993949.flac,LA_0070,-,bonafide,1,cal_fit
C:\Users\jayan\OneDrive\Desktop\VERA\data\asvspoof2019\dev\flac\LA_D_2017251.flac,LA_D_2017251.flac,LA_0070,-,bonafide,1,cal_fit
C:\Users\jayan\OneDrive\Desktop\VERA\data\asvspoof2019\dev\flac\LA_D_2022297.flac,LA_D_2022297.flac,LA_0070,-,bonafide,1,cal_fit
C:\Users\jayan\OneDrive\Desktop\VERA\data\asvspoof2019\dev\flac\LA_D_2124484.flac,LA_D_2124484.flac,LA_0070,-,bonafide,1,cal_fit
C:\Users\jayan\OneDrive\Desktop\VERA\data\asvspoof2019\dev\flac\LA_D_2133778.flac,LA_D_2133778.flac,LA_0070,-,bonafide,1,cal_fit
C:\Users\jayan\OneDrive\Desktop\VERA\data\asvspoof2019\dev\flac\LA_D_2149963.flac,LA_D_2149963.flac,LA_0070,-,bonafide,1,cal_fit
C:\Users\jayan\OneDrive\Desktop\VERA\data\asvspoof2019\dev\flac\LA_D_2165027.flac,LA_D_2165027.flac,LA_0070,-,bonafide,1,cal_fit
C:\Users\jayan\OneDrive\Desktop\VERA\data\asvspoof2019\dev\flac\LA_D_2232106.flac,LA_D_2232106.flac,LA_0070,-,bonafide,1,cal_fit
C:\Users\jayan\OneDrive\Desktop\VERA\data\asvspoof2019\dev\flac\LA_D_2237304.flac,LA_D_2237304.flac,LA_0070,-,bonafide,1,cal_fit
C:\Users\jayan\OneDrive\Desktop\VERA\data\asvspoof2019\dev\flac\LA_D_1006568.flac,LA_D_1006568.flac,LA_0070,A01,spoof,0,cal_fit
C:\Users\jayan\OneDrive\Desktop\VERA\data\asvspoof2019\dev\flac\LA_D_1010295.flac,LA_D_1010295.flac,LA_0070,A01,spoof,0,cal_fit
C:\Users\jayan\OneDrive\Desktop\VERA\data\asvspoof2019\dev\flac\LA_D_1017922.flac,LA_D_1017922.flac,LA_0070,A01,spoof,0,cal_fit
C:\Users\jayan\OneDrive\Desktop\VERA\data\asvspoof2019\dev\flac\LA_D_1020908.flac,LA_D_1020908.flac,LA_0070,A01,spoof,0,cal_fit
C:\Users\jayan\OneDrive\Desktop\VERA\data\asvspoof2019\dev\flac\LA_D_1066785.flac,LA_D_1066785.flac,LA_0070,A01,spoof,0,cal_fit
C:\Users\jayan\OneDrive\Desktop\VERA\data\asvspoof2019\dev\flac\LA_D_1110836.flac,LA_D_1110836.flac,LA_0070,A01,spoof,0,cal_fit
C:\Users\jayan\OneDrive\Desktop\VERA\data\asvspoof2019\dev\flac\LA_D_1121701.flac,LA_D_1121701.flac,LA_0070,A01,spoof,0,cal_fit
C:\Users\jayan\OneDrive\Desktop\VERA\data\asvspoof2019\dev\flac\LA_D_1054710.flac,LA_D_1054710.flac,LA_0070,A02,spoof,0,cal_fit
C:\Users\jayan\OneDrive\Desktop\VERA\data\asvspoof2019\dev\flac\LA_D_1055821.flac,LA_D_1055821.flac,LA_0070,A02,spoof,0,cal_fit
C:\Users\jayan\OneDrive\Desktop\VERA\data\asvspoof2019\dev\flac\LA_D_1068623.flac,LA_D_1068623.flac,LA_0070,A02,spoof,0,cal_fit
C:\Users\jayan\OneDrive\Desktop\VERA\data\asvspoof2019\dev\flac\LA_D_1083852.flac,LA_D_1083852.flac,LA_0070,A02,spoof,0,cal_fit
C:\Users\jayan\OneDrive\Desktop\VERA\data\asvspoof2019\dev\flac\LA_D_1120974.flac,LA_D_1120974.flac,LA_0070,A02,spoof,0,cal_fit
C:\Users\jayan\OneDrive\Desktop\VERA\data\asvspoof2019\dev\flac\LA_D_1133783.flac,LA_D_1133783.flac,LA_0070,A02,spoof,0,cal_fit
C:\Users\jayan\OneDrive\Desktop\VERA\data\asvspoof2019\dev\flac\LA_D_1172519.flac,LA_D_1172519.flac,LA_0070,A02,spoof,0,cal_fit
C:\Users\jayan\OneDrive\Desktop\VERA\data\asvspoof2019\dev\flac\LA_D_1004678.flac,LA_D_1004678.flac,LA_0070,A03,spoof,0,cal_fit
C:\Users\jayan\OneDrive\Desktop\VERA\data\asvspoof2019\dev\flac\LA_D_1011190.flac,LA_D_1011190.flac,LA_0070,A03,spoof,0,cal_fit
C:\Users\jayan\OneDrive\Desktop\VERA\data\asvspoof2019\dev\flac\LA_D_1014671.flac,LA_D_1014671.flac,LA_0070,A03,spoof,0,cal_fit
C:\Users\jayan\OneDrive\Desktop\VERA\data\asvspoof2019\dev\flac\LA_D_1056780.flac,LA_D_1056780.flac,LA_0070,A03,spoof,0,cal_fit
C:\Users\jayan\OneDrive\Desktop\VERA\data\asvspoof2019\dev\flac\LA_D_1105502.flac,LA_D_1105502.flac,LA_0070,A03,spoof,0,cal_fit
C:\Users\jayan\OneDrive\Desktop\VERA\data\asvspoof2019\dev\flac\LA_D_1106685.flac,LA_D_1106685.flac,LA_0070,A03,spoof,0,cal_fit
C:\Users\jayan\OneDrive\Desktop\VERA\data\asvspoof2019\dev\flac\LA_D_1118728.flac,LA_D_1118728.flac,LA_0070,A03,spoof,0,cal_fit
C:\Users\jayan\OneDrive\Desktop\VERA\data\asvspoof2019\dev\flac\LA_D_1002200.flac,LA_D_1002200.flac,LA_0070,A04,spoof,0,cal_fit
C:\Users\jayan\OneDrive\Desktop\VERA\data\asvspoof2019\dev\flac\LA_D_1007830.flac,LA_D_1007830.flac,LA_0070,A04,spoof,0,cal_fit
C:\Users\jayan\OneDrive\Desktop\VERA\data\asvspoof2019\dev\flac\LA_D_1025756.flac,LA_D_1025756.flac,LA_0070,A04,spoof,0,cal_fit
C:\Users\jayan\OneDrive\Desktop\VERA\data\asvspoof2019\dev\flac\LA_D_1063772.flac,LA_D_1063772.flac,LA_0070,A04,spoof,0,cal_fit
C:\Users\jayan\OneDrive\Desktop\VERA\data\asvspoof2019\dev\flac\LA_D_1067946.flac,LA_D_1067946.flac,LA_0070,A04,spoof,0,cal_fit
C:\Users\jayan\OneDrive\Desktop\VERA\data\asvspoof2019\dev\flac\LA_D_1110070.flac,LA_D_1110070.flac,LA_0070,A04,spoof,0,cal_fit
C:\Users\jayan\OneDrive\Desktop\VERA\data\asvspoof2019\dev\flac\LA_D_1131210.flac,LA_D_1131210.flac,LA_0070,A04,spoof,0,cal_fit
C:\Users\jayan\OneDrive\Desktop\VERA\data\asvspoof2019\dev\flac\LA_D_1018989.flac,LA_D_1018989.flac,LA_0070,A05,spoof,0,cal_fit
C:\Users\jayan\OneDrive\Desktop\VERA\data\asvspoof2019\dev\flac\LA_D_1044424.flac,LA_D_1044424.flac,LA_0070,A05,spoof,0,cal_fit
C:\Users\jayan\OneDrive\Desktop\VERA\data\asvspoof2019\dev\flac\LA_D_1068303.flac,LA_D_1068303.flac,LA_0070,A05,spoof,0,cal_fit
C:\Users\jayan\OneDrive\Desktop\VERA\data\asvspoof2019\dev\flac\LA_D_1110507.flac,LA_D_1110507.flac,LA_0070,A05,spoof,0,cal_fit
C:\Users\jayan\OneDrive\Desktop\VERA\data\asvspoof2019\dev\flac\LA_D_1111470.flac,LA_D_1111470.flac,LA_0070,A05,spoof,0,cal_fit
C:\Users\jayan\OneDrive\Desktop\VERA\data\asvspoof2019\dev\flac\LA_D_1124684.flac,LA_D_1124684.flac,LA_0070,A05,spoof,0,cal_fit
C:\Users\jayan\OneDrive\Desktop\VERA\data\asvspoof2019\dev\flac\LA_D_1188819.flac,LA_D_1188819.flac,LA_0070,A05,spoof,0,cal_fit
C:\Users\jayan\OneDrive\Desktop\VERA\data\asvspoof2019\dev\flac\LA_D_1012227.flac,LA_D_1012227.flac,LA_0070,A06,spoof,0,cal_fit
C:\Users\jayan\OneDrive\Desktop\VERA\data\asvspoof2019\dev\flac\LA_D_1014431.flac,LA_D_1014431.flac,LA_0070,A06,spoof,0,cal_fit
C:\Users\jayan\OneDrive\Desktop\VERA\data\asvspoof2019\dev\flac\LA_D_1020531.flac,LA_D_1020531.flac,LA_0070,A06,spoof,0,cal_fit
C:\Users\jayan\OneDrive\Desktop\VERA\data\asvspoof2019\dev\flac\LA_D_1047504.flac,LA_D_1047504.flac,LA_0070,A06,spoof,0,cal_fit
C:\Users\jayan\OneDrive\Desktop\VERA\data\asvspoof2019\dev\flac\LA_D_1166735.flac,LA_D_1166735.flac,LA_0070,A06,spoof,0,cal_fit
C:\Users\jayan\OneDrive\Desktop\VERA\data\asvspoof2019\dev\flac\LA_D_1192014.flac,LA_D_1192014.flac,LA_0070,A06,spoof,0,cal_fit
C:\Users\jayan\OneDrive\Desktop\VERA\data\asvspoof2019\dev\flac\LA_D_1230496.flac,LA_D_1230496.flac,LA_0070,A06,spoof,0,cal_fit
C:\Users\jayan\OneDrive\Desktop\VERA\data\asvspoof2019\dev\flac\LA_D_1121887.flac,LA_D_1121887.flac,LA_0071,-,bonafide,1,cal_fit
C:\Users\jayan\OneDrive\Desktop\VERA\data\asvspoof2019\dev\flac\LA_D_1133168.flac,LA_D_1133168.flac,LA_0071,-,bonafide,1,cal_fit
C:\Users\jayan\OneDrive\Desktop\VERA\data\asvspoof2019\dev\flac\LA_D_1232613.flac,LA_D_1232613.flac,LA_0071,-,bonafide,1,cal_fit
C:\Users\jayan\OneDrive\Desktop\VERA\data\asvspoof2019\dev\flac\LA_D_1306387.flac,LA_D_1306387.flac,LA_0071,-,bonafide,1,cal_fit
C:\Users\jayan\OneDrive\Desktop\VERA\data\asvspoof2019\dev\flac\LA_D_1330775.flac,LA_D_1330775.flac,LA_0071,-,bonafide,1,cal_fit
C:\Users\jayan\OneDrive\Desktop\VERA\data\asvspoof2019\dev\flac\LA_D_1335445.flac,LA_D_1335445.flac,LA_0071,-,bonafide,1,cal_fit
C:\Users\jayan\OneDrive\Desktop\VERA\data\asvspoof2019\dev\flac\LA_D_1427710.flac,LA_D_1427710.flac,LA_0071,-,bonafide,1,cal_fit
C:\Users\jayan\OneDrive\Desktop\VERA\data\asvspoof2019\dev\flac\LA_D_1503604.flac,LA_D_1503604.flac,LA_0071,-,bonafide,1,cal_fit
C:\Users\jayan\OneDrive\Desktop\VERA\data\asvspoof2019\dev\flac\LA_D_1523180.flac,LA_D_1523180.flac,LA_0071,-,bonafide,1,cal_fit
C:\Users\jayan\OneDrive\Desktop\VERA\data\asvspoof2019\dev\flac\LA_D_1523483.flac,LA_D_1523483.flac,LA_0071,-,bonafide,1,cal_fit
C:\Users\jayan\OneDrive\Desktop\VERA\data\asvspoof2019\dev\flac\LA_D_1565390.flac,LA_D_1565390.flac,LA_0071,-,bonafide,1,cal_fit
C:\Users\jayan\OneDrive\Desktop\VERA\data\asvspoof2019\dev\flac\LA_D_1770174.flac,LA_D_1770174.flac,LA_0071,-,bonafide,1,cal_fit
C:\Users\jayan\OneDrive\Desktop\VERA\data\asvspoof2019\dev\flac\LA_D_1812623.flac,LA_D_1812623.flac,LA_0071,-,bonafide,1,cal_fit
C:\Users\jayan\OneDrive\Desktop\VERA\data\asvspoof2019\dev\flac\LA_D_1833652.flac,LA_D_1833652.flac,LA_0071,-,bonafide,1,cal_fit
C:\Users\jayan\OneDrive\Desktop\VERA\data\asvspoof2019\dev\flac\LA_D_1882065.flac,LA_D_1882065.flac,LA_0071,-,bonafide,1,cal_fit
C:\Users\jayan\OneDrive\Desktop\VERA\data\asvspoof2019\dev\flac\LA_D_1898207.flac,LA_D_1898207.flac,LA_0071,-,bonafide,1,cal_fit
C:\Users\jayan\OneDrive\Desktop\VERA\data\asvspoof2019\dev\flac\LA_D_1983415.flac,LA_D_1983415.flac,LA_0071,-,bonafide,1,cal_fit
C:\Users\jayan\OneDrive\Desktop\VERA\data\asvspoof2019\dev\flac\LA_D_1997529.flac,LA_D_1997529.flac,LA_0071,-,bonafide,1,cal_fit
C:\Users\jayan\OneDrive\Desktop\VERA\data\asvspoof2019\dev\flac\LA_D_2002365.flac,LA_D_2002365.flac,LA_0071,-,bonafide,1,cal_fit
C:\Users\jayan\OneDrive\Desktop\VERA\data\asvspoof2019\dev\flac\LA_D_2062744.flac,LA_D_2062744.flac,LA_0071,-,bonafide,1,cal_fit
C:\Users\jayan\OneDrive\Desktop\VERA\data\asvspoof2019\dev\flac\LA_D_2096892.flac,LA_D_2096892.flac,LA_0071,-,bonafide,1,cal_fit
C:\Users\jayan\OneDrive\Desktop\VERA\data\asvspoof2019\dev\flac\LA_D_2143384.flac,LA_D_2143384.flac,LA_0071,-,bonafide,1,cal_fit
C:\Users\jayan\OneDrive\Desktop\VERA\data\asvspoof2019\dev\flac\LA_D_2255247.flac,LA_D_2255247.flac,LA_0071,-,bonafide,1,cal_fit
C:\Users\jayan\OneDrive\Desktop\VERA\data\asvspoof2019\dev\flac\LA_D_2382522.flac,LA_D_2382522.flac,LA_0071,-,bonafide,1,cal_fit
C:\Users\jayan\OneDrive\Desktop\VERA\data\asvspoof2019\dev\flac\LA_D_2518822.flac,LA_D_2518822.flac,LA_0071,-,bonafide,1,cal_fit
C:\Users\jayan\OneDrive\Desktop\VERA\data\asvspoof2019\dev\flac\LA_D_2688414.flac,LA_D_2688414.flac,LA_0071,-,bonafide,1,cal_fit
C:\Users\jayan\OneDrive\Desktop\VERA\data\asvspoof2019\dev\flac\LA_D_2753816.flac,LA_D_2753816.flac,LA_0071,-,bonafide,1,cal_fit
C:\Users\jayan\OneDrive\Desktop\VERA\data\asvspoof2019\dev\flac\LA_D_2842063.flac,LA_D_2842063.flac,LA_0071,-,bonafide,1,cal_fit
C:\Users\jayan\OneDrive\Desktop\VERA\data\asvspoof2019\dev\flac\LA_D_1008673.flac,LA_D_1008673.flac,LA_0071,A01,spoof,0,cal_fit
C:\Users\jayan\OneDrive\Desktop\VERA\data\asvspoof2019\dev\flac\LA_D_1033225.flac,LA_D_1033225.flac,LA_0071,A01,spoof,0,cal_fit
C:\Users\jayan\OneDrive\Desktop\VERA\data\asvspoof2019\dev\flac\LA_D_1055758.flac,LA_D_1055758.flac,LA_0071,A01,spoof,0,cal_fit
C:\Users\jayan\OneDrive\Desktop\VERA\data\asvspoof2019\dev\flac\LA_D_1110227.flac,LA_D_1110227.flac,LA_0071,A01,spoof,0,cal_fit
C:\Users\jayan\OneDrive\Desktop\VERA\data\asvspoof2019\dev\flac\LA_D_1171974.flac,LA_D_1171974.flac,LA_0071,A01,spoof,0,cal_fit
C:\Users\jayan\OneDrive\Desktop\VERA\data\asvspoof2019\dev\flac\LA_D_1212385.flac,LA_D_1212385.flac,LA_0071,A01,spoof,0,cal_fit
C:\Users\jayan\OneDrive\Desktop\VERA\data\asvspoof2019\dev\flac\LA_D_1221102.flac,LA_D_1221102.flac,LA_0071,A01,spoof,0,cal_fit
C:\Users\jayan\OneDrive\Desktop\VERA\data\asvspoof2019\dev\flac\LA_D_1004406.flac,LA_D_1004406.flac,LA_0071,A02,spoof,0,cal_fit
C:\Users\jayan\OneDrive\Desktop\VERA\data\asvspoof2019\dev\flac\LA_D_1038888.flac,LA_D_1038888.flac,LA_0071,A02,spoof,0,cal_fit
C:\Users\jayan\OneDrive\Desktop\VERA\data\asvspoof2019\dev\flac\LA_D_1050709.flac,LA_D_1050709.flac,LA_0071,A02,spoof,0,cal_fit
C:\Users\jayan\OneDrive\Desktop\VERA\data\asvspoof2019\dev\flac\LA_D_1055238.flac,LA_D_1055238.flac,LA_0071,A02,spoof,0,cal_fit
C:\Users\jayan\OneDrive\Desktop\VERA\data\asvspoof2019\dev\flac\LA_D_1063719.flac,LA_D_1063719.flac,LA_0071,A02,spoof,0,cal_fit
C:\Users\jayan\OneDrive\Desktop\VERA\data\asvspoof2019\dev\flac\LA_D_1085566.flac,LA_D_1085566.flac,LA_0071,A02,spoof,0,cal_fit
C:\Users\jayan\OneDrive\Desktop\VERA\data\asvspoof2019\dev\flac\LA_D_1091601.flac,LA_D_1091601.flac,LA_0071,A02,spoof,0,cal_fit
C:\Users\jayan\OneDrive\Desktop\VERA\data\asvspoof2019\dev\flac\LA_D_1118794.flac,LA_D_1118794.flac,LA_0071,A03,spoof,0,cal_fit
C:\Users\jayan\OneDrive\Desktop\VERA\data\asvspoof2019\dev\flac\LA_D_1131563.flac,LA_D_1131563.flac,LA_0071,A03,spoof,0,cal_fit
C:\Users\jayan\OneDrive\Desktop\VERA\data\asvspoof2019\dev\flac\LA_D_1167437.flac,LA_D_1167437.flac,LA_0071,A03,spoof,0,cal_fit
C:\Users\jayan\OneDrive\Desktop\VERA\data\asvspoof2019\dev\flac\LA_D_1203854.flac,LA_D_1203854.flac,LA_0071,A03,spoof,0,cal_fit
C:\Users\jayan\OneDrive\Desktop\VERA\data\asvspoof2019\dev\flac\LA_D_1208604.flac,LA_D_1208604.flac,LA_0071,A03,spoof,0,cal_fit
C:\Users\jayan\OneDrive\Desktop\VERA\data\asvspoof2019\dev\flac\LA_D_1211631.flac,LA_D_1211631.flac,LA_0071,A03,spoof,0,cal_fit
C:\Users\jayan\OneDrive\Desktop\VERA\data\asvspoof2019\dev\flac\LA_D_1212670.flac,LA_D_1212670.flac,LA_0071,A03,spoof,0,cal_fit
C:\Users\jayan\OneDrive\Desktop\VERA\data\asvspoof2019\dev\flac\LA_D_1027036.flac,LA_D_1027036.flac,LA_0071,A04,spoof,0,cal_fit
C:\Users\jayan\OneDrive\Desktop\VERA\data\asvspoof2019\dev\flac\LA_D_1063280.flac,LA_D_1063280.flac,LA_0071,A04,spoof,0,cal_fit
C:\Users\jayan\OneDrive\Desktop\VERA\data\asvspoof2019\dev\flac\LA_D_1074040.flac,LA_D_1074040.flac,LA_0071,A04,spoof,0,cal_fit
C:\Users\jayan\OneDrive\Desktop\VERA\data\asvspoof2019\dev\flac\LA_D_1158489.flac,LA_D_1158489.flac,LA_0071,A04,spoof,0,cal_fit
C:\Users\jayan\OneDrive\Desktop\VERA\data\asvspoof2019\dev\flac\LA_D_1168201.flac,LA_D_1168201.flac,LA_0071,A04,spoof,0,cal_fit
C:\Users\jayan\OneDrive\Desktop\VERA\data\asvspoof2019\dev\flac\LA_D_1179745.flac,LA_D_1179745.flac,LA_0071,A04,spoof,0,cal_fit
C:\Users\jayan\OneDrive\Desktop\VERA\data\asvspoof2019\dev\flac\LA_D_1190183.flac,LA_D_1190183.flac,LA_0071,A04,spoof,0,cal_fit
C:\Users\jayan\OneDrive\Desktop\VERA\data\asvspoof2019\dev\flac\LA_D_1041845.flac,LA_D_1041845.flac,LA_0071,A05,spoof,0,cal_fit
C:\Users\jayan\OneDrive\Desktop\VERA\data\asvspoof2019\dev\flac\LA_D_1094871.flac,LA_D_1094871.flac,LA_0071,A05,spoof,0,cal_fit
C:\Users\jayan\OneDrive\Desktop\VERA\data\asvspoof2019\dev\flac\LA_D_1108281.flac,LA_D_1108281.flac,LA_0071,A05,spoof,0,cal_fit
C:\Users\jayan\OneDrive\Desktop\VERA\data\asvspoof2019\dev\flac\LA_D_1135743.flac,LA_D_1135743.flac,LA_0071,A05,spoof,0,cal_fit
C:\Users\jayan\OneDrive\Desktop\VERA\data\asvspoof2019\dev\flac\LA_D_1136030.flac,LA_D_1136030.flac,LA_0071,A05,spoof,0,cal_fit
C:\Users\jayan\OneDrive\Desktop\VERA\data\asvspoof2019\dev\flac\LA_D_1139572.flac,LA_D_1139572.flac,LA_0071,A05,spoof,0,cal_fit
C:\Users\jayan\OneDrive\Desktop\VERA\data\asvspoof2019\dev\flac\LA_D_1181772.flac,LA_D_1181772.flac,LA_0071,A05,spoof,0,cal_fit
C:\Users\jayan\OneDrive\Desktop\VERA\data\asvspoof2019\dev\flac\LA_D_1002626.flac,LA_D_1002626.flac,LA_0071,A06,spoof,0,cal_fit
C:\Users\jayan\OneDrive\Desktop\VERA\data\asvspoof2019\dev\flac\LA_D_1007975.flac,LA_D_1007975.flac,LA_0071,A06,spoof,0,cal_fit
C:\Users\jayan\OneDrive\Desktop\VERA\data\asvspoof2019\dev\flac\LA_D_1013553.flac,LA_D_1013553.flac,LA_0071,A06,spoof,0,cal_fit
C:\Users\jayan\OneDrive\Desktop\VERA\data\asvspoof2019\dev\flac\LA_D_1021287.flac,LA_D_1021287.flac,LA_0071,A06,spoof,0,cal_fit
C:\Users\jayan\OneDrive\Desktop\VERA\data\asvspoof2019\dev\flac\LA_D_1027039.flac,LA_D_1027039.flac,LA_0071,A06,spoof,0,cal_fit
C:\Users\jayan\OneDrive\Desktop\VERA\data\asvspoof2019\dev\flac\LA_D_1044414.flac,LA_D_1044414.flac,LA_0071,A06,spoof,0,cal_fit
C:\Users\jayan\OneDrive\Desktop\VERA\data\asvspoof2019\dev\flac\LA_D_1060987.flac,LA_D_1060987.flac,LA_0071,A06,spoof,0,cal_fit
C:\Users\jayan\OneDrive\Desktop\VERA\data\asvspoof2019\dev\flac\LA_D_1126907.flac,LA_D_1126907.flac,LA_0072,-,bonafide,1,cal_fit
C:\Users\jayan\OneDrive\Desktop\VERA\data\asvspoof2019\dev\flac\LA_D_1130470.flac,LA_D_1130470.flac,LA_0072,-,bonafide,1,cal_fit
C:\Users\jayan\OneDrive\Desktop\VERA\data\asvspoof2019\dev\flac\LA_D_1156906.flac,LA_D_1156906.flac,LA_0072,-,bonafide,1,cal_fit
C:\Users\jayan\OneDrive\Desktop\VERA\data\asvspoof2019\dev\flac\LA_D_1238696.flac,LA_D_1238696.flac,LA_0072,-,bonafide,1,cal_fit
C:\Users\jayan\OneDrive\Desktop\VERA\data\asvspoof2019\dev\flac\LA_D_1363243.flac,LA_D_1363243.flac,LA_0072,-,bonafide,1,cal_fit
C:\Users\jayan\OneDrive\Desktop\VERA\data\asvspoof2019\dev\flac\LA_D_1368280.flac,LA_D_1368280.flac,LA_0072,-,bonafide,1,cal_fit
C:\Users\jayan\OneDrive\Desktop\VERA\data\asvspoof2019\dev\flac\LA_D_1374363.flac,LA_D_1374363.flac,LA_0072,-,bonafide,1,cal_fit
C:\Users\jayan\OneDrive\Desktop\VERA\data\asvspoof2019\dev\flac\LA_D_1412552.flac,LA_D_1412552.flac,LA_0072,-,bonafide,1,cal_fit
C:\Users\jayan\OneDrive\Desktop\VERA\data\asvspoof2019\dev\flac\LA_D_1483493.flac,LA_D_1483493.flac,LA_0072,-,bonafide,1,cal_fit
C:\Users\jayan\OneDrive\Desktop\VERA\data\asvspoof2019\dev\flac\LA_D_1488449.flac,LA_D_1488449.flac,LA_0072,-,bonafide,1,cal_fit
C:\Users\jayan\OneDrive\Desktop\VERA\data\asvspoof2019\dev\flac\LA_D_1730959.flac,LA_D_1730959.flac,LA_0072,-,bonafide,1,cal_fit
C:\Users\jayan\OneDrive\Desktop\VERA\data\asvspoof2019\dev\flac\LA_D_1733691.flac,LA_D_1733691.flac,LA_0072,-,bonafide,1,cal_fit
C:\Users\jayan\OneDrive\Desktop\VERA\data\asvspoof2019\dev\flac\LA_D_1772237.flac,LA_D_1772237.flac,LA_0072,-,bonafide,1,cal_fit
C:\Users\jayan\OneDrive\Desktop\VERA\data\asvspoof2019\dev\flac\LA_D_1895274.flac,LA_D_1895274.flac,LA_0072,-,bonafide,1,cal_fit
C:\Users\jayan\OneDrive\Desktop\VERA\data\asvspoof2019\dev\flac\LA_D_1918445.flac,LA_D_1918445.flac,LA_0072,-,bonafide,1,cal_fit
C:\Users\jayan\OneDrive\Desktop\VERA\data\asvspoof2019\dev\flac\LA_D_1969568.flac,LA_D_1969568.flac,LA_0072,-,bonafide,1,cal_fit
C:\Users\jayan\OneDrive\Desktop\VERA\data\asvspoof2019\dev\flac\LA_D_1984995.flac,LA_D_1984995.flac,LA_0072,-,bonafide,1,cal_fit
C:\Users\jayan\OneDrive\Desktop\VERA\data\asvspoof2019\dev\flac\LA_D_2105580.flac,LA_D_2105580.flac,LA_0072,-,bonafide,1,cal_fit
C:\Users\jayan\OneDrive\Desktop\VERA\data\asvspoof2019\dev\flac\LA_D_2264682.flac,LA_D_2264682.flac,LA_0072,-,bonafide,1,cal_fit
C:\Users\jayan\OneDrive\Desktop\VERA\data\asvspoof2019\dev\flac\LA_D_2289303.flac,LA_D_2289303.flac,LA_0072,-,bonafide,1,cal_fit
C:\Users\jayan\OneDrive\Desktop\VERA\data\asvspoof2019\dev\flac\LA_D_2370383.flac,LA_D_2370383.flac,LA_0072,-,bonafide,1,cal_fit
C:\Users\jayan\OneDrive\Desktop\VERA\data\asvspoof2019\dev\flac\LA_D_2404405.flac,LA_D_2404405.flac,LA_0072,-,bonafide,1,cal_fit
C:\Users\jayan\OneDrive\Desktop\VERA\data\asvspoof2019\dev\flac\LA_D_2417193.flac,LA_D_2417193.flac,LA_0072,-,bonafide,1,cal_fit
C:\Users\jayan\OneDrive\Desktop\VERA\data\asvspoof2019\dev\flac\LA_D_2659066.flac,LA_D_2659066.flac,LA_0072,-,bonafide,1,cal_fit
C:\Users\jayan\OneDrive\Desktop\VERA\data\asvspoof2019\dev\flac\LA_D_2800113.flac,LA_D_2800113.flac,LA_0072,-,bonafide,1,cal_fit
C:\Users\jayan\OneDrive\Desktop\VERA\data\asvspoof2019\dev\flac\LA_D_2812544.flac,LA_D_2812544.flac,LA_0072,-,bonafide,1,cal_fit
C:\Users\jayan\OneDrive\Desktop\VERA\data\asvspoof2019\dev\flac\LA_D_2816765.flac,LA_D_2816765.flac,LA_0072,-,bonafide,1,cal_fit
C:\Users\jayan\OneDrive\Desktop\VERA\data\asvspoof2019\dev\flac\LA_D_2844735.flac,LA_D_2844735.flac,LA_0072,-,bonafide,1,cal_fit
C:\Users\jayan\OneDrive\Desktop\VERA\data\asvspoof2019\dev\flac\LA_D_1005471.flac,LA_D_1005471.flac,LA_0072,A01,spoof,0,cal_fit
C:\Users\jayan\OneDrive\Desktop\VERA\data\asvspoof2019\dev\flac\LA_D_1024033.flac,LA_D_1024033.flac,LA_0072,A01,spoof,0,cal_fit
C:\Users\jayan\OneDrive\Desktop\VERA\data\asvspoof2019\dev\flac\LA_D_1030270.flac,LA_D_1030270.flac,LA_0072,A01,spoof,0,cal_fit
C:\Users\jayan\OneDrive\Desktop\VERA\data\asvspoof2019\dev\flac\LA_D_1031151.flac,LA_D_1031151.flac,LA_0072,A01,spoof,0,cal_fit
C:\Users\jayan\OneDrive\Desktop\VERA\data\asvspoof2019\dev\flac\LA_D_1039057.flac,LA_D_1039057.flac,LA_0072,A01,spoof,0,cal_fit
C:\Users\jayan\OneDrive\Desktop\VERA\data\asvspoof2019\dev\flac\LA_D_1071356.flac,LA_D_1071356.flac,LA_0072,A01,spoof,0,cal_fit
C:\Users\jayan\OneDrive\Desktop\VERA\data\asvspoof2019\dev\flac\LA_D_1079091.flac,LA_D_1079091.flac,LA_0072,A01,spoof,0,cal_fit
C:\Users\jayan\OneDrive\Desktop\VERA\data\asvspoof2019\dev\flac\LA_D_1026545.flac,LA_D_1026545.flac,LA_0072,A02,spoof,0,cal_fit
C:\Users\jayan\OneDrive\Desktop\VERA\data\asvspoof2019\dev\flac\LA_D_1032197.flac,LA_D_1032197.flac,LA_0072,A02,spoof,0,cal_fit
C:\Users\jayan\OneDrive\Desktop\VERA\data\asvspoof2019\dev\flac\LA_D_1034329.flac,LA_D_1034329.flac,LA_0072,A02,spoof,0,cal_fit
C:\Users\jayan\OneDrive\Desktop\VERA\data\asvspoof2019\dev\flac\LA_D_1048234.flac,LA_D_1048234.flac,LA_0072,A02,spoof,0,cal_fit
C:\Users\jayan\OneDrive\Desktop\VERA\data\asvspoof2019\dev\flac\LA_D_1074364.flac,LA_D_1074364.flac,LA_0072,A02,spoof,0,cal_fit
C:\Users\jayan\OneDrive\Desktop\VERA\data\asvspoof2019\dev\flac\LA_D_1099405.flac,LA_D_1099405.flac,LA_0072,A02,spoof,0,cal_fit
C:\Users\jayan\OneDrive\Desktop\VERA\data\asvspoof2019\dev\flac\LA_D_1117567.flac,LA_D_1117567.flac,LA_0072,A02,spoof,0,cal_fit
C:\Users\jayan\OneDrive\Desktop\VERA\data\asvspoof2019\dev\flac\LA_D_1053530.flac,LA_D_1053530.flac,LA_0072,A03,spoof,0,cal_fit
C:\Users\jayan\OneDrive\Desktop\VERA\data\asvspoof2019\dev\flac\LA_D_1054239.flac,LA_D_1054239.flac,LA_0072,A03,spoof,0,cal_fit
C:\Users\jayan\OneDrive\Desktop\VERA\data\asvspoof2019\dev\flac\LA_D_1060354.flac,LA_D_1060354.flac,LA_0072,A03,spoof,0,cal_fit
C:\Users\jayan\OneDrive\Desktop\VERA\data\asvspoof2019\dev\flac\LA_D_1064949.flac,LA_D_1064949.flac,LA_0072,A03,spoof,0,cal_fit
C:\Users\jayan\OneDrive\Desktop\VERA\data\asvspoof2019\dev\flac\LA_D_1066396.flac,LA_D_1066396.flac,LA_0072,A03,spoof,0,cal_fit
C:\Users\jayan\OneDrive\Desktop\VERA\data\asvspoof2019\dev\flac\LA_D_1152601.flac,LA_D_1152601.flac,LA_0072,A03,spoof,0,cal_fit
C:\Users\jayan\OneDrive\Desktop\VERA\data\asvspoof2019\dev\flac\LA_D_1181336.flac,LA_D_1181336.flac,LA_0072,A03,spoof,0,cal_fit
C:\Users\jayan\OneDrive\Desktop\VERA\data\asvspoof2019\dev\flac\LA_D_1024541.flac,LA_D_1024541.flac,LA_0072,A04,spoof,0,cal_fit
C:\Users\jayan\OneDrive\Desktop\VERA\data\asvspoof2019\dev\flac\LA_D_1035695.flac,LA_D_1035695.flac,LA_0072,A04,spoof,0,cal_fit
C:\Users\jayan\OneDrive\Desktop\VERA\data\asvspoof2019\dev\flac\LA_D_1042553.flac,LA_D_1042553.flac,LA_0072,A04,spoof,0,cal_fit
C:\Users\jayan\OneDrive\Desktop\VERA\data\asvspoof2019\dev\flac\LA_D_1134137.flac,LA_D_1134137.flac,LA_0072,A04,spoof,0,cal_fit
C:\Users\jayan\OneDrive\Desktop\VERA\data\asvspoof2019\dev\flac\LA_D_1218270.flac,LA_D_1218270.flac,LA_0072,A04,spoof,0,cal_fit
C:\Users\jayan\OneDrive\Desktop\VERA\data\asvspoof2019\dev\flac\LA_D_1218955.flac,LA_D_1218955.flac,LA_0072,A04,spoof,0,cal_fit
C:\Users\jayan\OneDrive\Desktop\VERA\data\asvspoof2019\dev\flac\LA_D_1226093.flac,LA_D_1226093.flac,LA_0072,A04,spoof,0,cal_fit
C:\Users\jayan\OneDrive\Desktop\VERA\data\asvspoof2019\dev\flac\LA_D_1006586.flac,LA_D_1006586.flac,LA_0072,A05,spoof,0,cal_fit
C:\Users\jayan\OneDrive\Desktop\VERA\data\asvspoof2019\dev\flac\LA_D_1032757.flac,LA_D_1032757.flac,LA_0072,A05,spoof,0,cal_fit
C:\Users\jayan\OneDrive\Desktop\VERA\data\asvspoof2019\dev\flac\LA_D_1057680.flac,LA_D_1057680.flac,LA_0072,A05,spoof,0,cal_fit
C:\Users\jayan\OneDrive\Desktop\VERA\data\asvspoof2019\dev\flac\LA_D_1094179.flac,LA_D_1094179.flac,LA_0072,A05,spoof,0,cal_fit
C:\Users\jayan\OneDrive\Desktop\VERA\data\asvspoof2019\dev\flac\LA_D_1132076.flac,LA_D_1132076.flac,LA_0072,A05,spoof,0,cal_fit
C:\Users\jayan\OneDrive\Desktop\VERA\data\asvspoof2019\dev\flac\LA_D_1179000.flac,LA_D_1179000.flac,LA_0072,A05,spoof,0,cal_fit
C:\Users\jayan\OneDrive\Desktop\VERA\data\asvspoof2019\dev\flac\LA_D_1218618.flac,LA_D_1218618.flac,LA_0072,A05,spoof,0,cal_fit
C:\Users\jayan\OneDrive\Desktop\VERA\data\asvspoof2019\dev\flac\LA_D_1001095.flac,LA_D_1001095.flac,LA_0072,A06,spoof,0,cal_fit
C:\Users\jayan\OneDrive\Desktop\VERA\data\asvspoof2019\dev\flac\LA_D_1036594.flac,LA_D_1036594.flac,LA_0072,A06,spoof,0,cal_fit
C:\Users\jayan\OneDrive\Desktop\VERA\data\asvspoof2019\dev\flac\LA_D_1036986.flac,LA_D_1036986.flac,LA_0072,A06,spoof,0,cal_fit
C:\Users\jayan\OneDrive\Desktop\VERA\data\asvspoof2019\dev\flac\LA_D_1065306.flac,LA_D_1065306.flac,LA_0072,A06,spoof,0,cal_fit
C:\Users\jayan\OneDrive\Desktop\VERA\data\asvspoof2019\dev\flac\LA_D_1073474.flac,LA_D_1073474.flac,LA_0072,A06,spoof,0,cal_fit
C:\Users\jayan\OneDrive\Desktop\VERA\data\asvspoof2019\dev\flac\LA_D_1084765.flac,LA_D_1084765.flac,LA_0072,A06,spoof,0,cal_fit
C:\Users\jayan\OneDrive\Desktop\VERA\data\asvspoof2019\dev\flac\LA_D_1085765.flac,LA_D_1085765.flac,LA_0072,A06,spoof,0,cal_fit
C:\Users\jayan\OneDrive\Desktop\VERA\data\asvspoof2019\dev\flac\LA_D_1129909.flac,LA_D_1129909.flac,LA_0073,-,bonafide,1,cal_fit
C:\Users\jayan\OneDrive\Desktop\VERA\data\asvspoof2019\dev\flac\LA_D_1161800.flac,LA_D_1161800.flac,LA_0073,-,bonafide,1,cal_fit
C:\Users\jayan\OneDrive\Desktop\VERA\data\asvspoof2019\dev\flac\LA_D_1364611.flac,LA_D_1364611.flac,LA_0073,-,bonafide,1,cal_fit
C:\Users\jayan\OneDrive\Desktop\VERA\data\asvspoof2019\dev\flac\LA_D_1380231.flac,LA_D_1380231.flac,LA_0073,-,bonafide,1,cal_fit
C:\Users\jayan\OneDrive\Desktop\VERA\data\asvspoof2019\dev\flac\LA_D_1560273.flac,LA_D_1560273.flac,LA_0073,-,bonafide,1,cal_fit
C:\Users\jayan\OneDrive\Desktop\VERA\data\asvspoof2019\dev\flac\LA_D_1562732.flac,LA_D_1562732.flac,LA_0073,-,bonafide,1,cal_fit
C:\Users\jayan\OneDrive\Desktop\VERA\data\asvspoof2019\dev\flac\LA_D_1607104.flac,LA_D_1607104.flac,LA_0073,-,bonafide,1,cal_fit
C:\Users\jayan\OneDrive\Desktop\VERA\data\asvspoof2019\dev\flac\LA_D_1689082.flac,LA_D_1689082.flac,LA_0073,-,bonafide,1,cal_fit
C:\Users\jayan\OneDrive\Desktop\VERA\data\asvspoof2019\dev\flac\LA_D_1711559.flac,LA_D_1711559.flac,LA_0073,-,bonafide,1,cal_fit
C:\Users\jayan\OneDrive\Desktop\VERA\data\asvspoof2019\dev\flac\LA_D_1885115.flac,LA_D_1885115.flac,LA_0073,-,bonafide,1,cal_fit
C:\Users\jayan\OneDrive\Desktop\VERA\data\asvspoof2019\dev\flac\LA_D_1980534.flac,LA_D_1980534.flac,LA_0073,-,bonafide,1,cal_fit
C:\Users\jayan\OneDrive\Desktop\VERA\data\asvspoof2019\dev\flac\LA_D_2109062.flac,LA_D_2109062.flac,LA_0073,-,bonafide,1,cal_fit
C:\Users\jayan\OneDrive\Desktop\VERA\data\asvspoof2019\dev\flac\LA_D_2140323.flac,LA_D_2140323.flac,LA_0073,-,bonafide,1,cal_fit
C:\Users\jayan\OneDrive\Desktop\VERA\data\asvspoof2019\dev\flac\LA_D_2303609.flac,LA_D_2303609.flac,LA_0073,-,bonafide,1,cal_fit
C:\Users\jayan\OneDrive\Desktop\VERA\data\asvspoof2019\dev\flac\LA_D_2311237.flac,LA_D_2311237.flac,LA_0073,-,bonafide,1,cal_fit
C:\Users\jayan\OneDrive\Desktop\VERA\data\asvspoof2019\dev\flac\LA_D_2339825.flac,LA_D_2339825.flac,LA_0073,-,bonafide,1,cal_fit
C:\Users\jayan\OneDrive\Desktop\VERA\data\asvspoof2019\dev\flac\LA_D_2436364.flac,LA_D_2436364.flac,LA_0073,-,bonafide,1,cal_fit
C:\Users\jayan\OneDrive\Desktop\VERA\data\asvspoof2019\dev\flac\LA_D_2441943.flac,LA_D_2441943.flac,LA_0073,-,bonafide,1,cal_fit
C:\Users\jayan\OneDrive\Desktop\VERA\data\asvspoof2019\dev\flac\LA_D_2517022.flac,LA_D_2517022.flac,LA_0073,-,bonafide,1,cal_fit
C:\Users\jayan\OneDrive\Desktop\VERA\data\asvspoof2019\dev\flac\LA_D_2519862.flac,LA_D_2519862.flac,LA_0073,-,bonafide,1,cal_fit
C:\Users\jayan\OneDrive\Desktop\VERA\data\asvspoof2019\dev\flac\LA_D_2525000.flac,LA_D_2525000.flac,LA_0073,-,bonafide,1,cal_fit
C:\Users\jayan\OneDrive\Desktop\VERA\data\asvspoof2019\dev\flac\LA_D_2597748.flac,LA_D_2597748.flac,LA_0073,-,bonafide,1,cal_fit
C:\Users\jayan\OneDrive\Desktop\VERA\data\asvspoof2019\dev\flac\LA_D_2748583.flac,LA_D_2748583.flac,LA_0073,-,bonafide,1,cal_fit
C:\Users\jayan\OneDrive\Desktop\VERA\data\asvspoof2019\dev\flac\LA_D_2839913.flac,LA_D_2839913.flac,LA_0073,-,bonafide,1,cal_fit
C:\Users\jayan\OneDrive\Desktop\VERA\data\asvspoof2019\dev\flac\LA_D_2977005.flac,LA_D_2977005.flac,LA_0073,-,bonafide,1,cal_fit
C:\Users\jayan\OneDrive\Desktop\VERA\data\asvspoof2019\dev\flac\LA_D_2991667.flac,LA_D_2991667.flac,LA_0073,-,bonafide,1,cal_fit
C:\Users\jayan\OneDrive\Desktop\VERA\data\asvspoof2019\dev\flac\LA_D_3005942.flac,LA_D_3005942.flac,LA_0073,-,bonafide,1,cal_fit
C:\Users\jayan\OneDrive\Desktop\VERA\data\asvspoof2019\dev\flac\LA_D_3018635.flac,LA_D_3018635.flac,LA_0073,-,bonafide,1,cal_fit
C:\Users\jayan\OneDrive\Desktop\VERA\data\asvspoof2019\dev\flac\LA_D_1016922.flac,LA_D_1016922.flac,LA_0073,A01,spoof,0,cal_fit
C:\Users\jayan\OneDrive\Desktop\VERA\data\asvspoof2019\dev\flac\LA_D_1039305.flac,LA_D_1039305.flac,LA_0073,A01,spoof,0,cal_fit
C:\Users\jayan\OneDrive\Desktop\VERA\data\asvspoof2019\dev\flac\LA_D_1070584.flac,LA_D_1070584.flac,LA_0073,A01,spoof,0,cal_fit
C:\Users\jayan\OneDrive\Desktop\VERA\data\asvspoof2019\dev\flac\LA_D_1078241.flac,LA_D_1078241.flac,LA_0073,A01,spoof,0,cal_fit
C:\Users\jayan\OneDrive\Desktop\VERA\data\asvspoof2019\dev\flac\LA_D_1144692.flac,LA_D_1144692.flac,LA_0073,A01,spoof,0,cal_fit
C:\Users\jayan\OneDrive\Desktop\VERA\data\asvspoof2019\dev\flac\LA_D_1173044.flac,LA_D_1173044.flac,LA_0073,A01,spoof,0,cal_fit
C:\Users\jayan\OneDrive\Desktop\VERA\data\asvspoof2019\dev\flac\LA_D_1216735.flac,LA_D_1216735.flac,LA_0073,A01,spoof,0,cal_fit
C:\Users\jayan\OneDrive\Desktop\VERA\data\asvspoof2019\dev\flac\LA_D_1016296.flac,LA_D_1016296.flac,LA_0073,A02,spoof,0,cal_fit
C:\Users\jayan\OneDrive\Desktop\VERA\data\asvspoof2019\dev\flac\LA_D_1044924.flac,LA_D_1044924.flac,LA_0073,A02,spoof,0,cal_fit
C:\Users\jayan\OneDrive\Desktop\VERA\data\asvspoof2019\dev\flac\LA_D_1078299.flac,LA_D_1078299.flac,LA_0073,A02,spoof,0,cal_fit
C:\Users\jayan\OneDrive\Desktop\VERA\data\asvspoof2019\dev\flac\LA_D_1127112.flac,LA_D_1127112.flac,LA_0073,A02,spoof,0,cal_fit
C:\Users\jayan\OneDrive\Desktop\VERA\data\asvspoof2019\dev\flac\LA_D_1140789.flac,LA_D_1140789.flac,LA_0073,A02,spoof,0,cal_fit
C:\Users\jayan\OneDrive\Desktop\VERA\data\asvspoof2019\dev\flac\LA_D_1146602.flac,LA_D_1146602.flac,LA_0073,A02,spoof,0,cal_fit
C:\Users\jayan\OneDrive\Desktop\VERA\data\asvspoof2019\dev\flac\LA_D_1161040.flac,LA_D_1161040.flac,LA_0073,A02,spoof,0,cal_fit
C:\Users\jayan\OneDrive\Desktop\VERA\data\asvspoof2019\dev\flac\LA_D_1035911.flac,LA_D_1035911.flac,LA_0073,A03,spoof,0,cal_fit
C:\Users\jayan\OneDrive\Desktop\VERA\data\asvspoof2019\dev\flac\LA_D_1092890.flac,LA_D_1092890.flac,LA_0073,A03,spoof,0,cal_fit
C:\Users\jayan\OneDrive\Desktop\VERA\data\asvspoof2019\dev\flac\LA_D_1099657.flac,LA_D_1099657.flac,LA_0073,A03,spoof,0,cal_fit
C:\Users\jayan\OneDrive\Desktop\VERA\data\asvspoof2019\dev\flac\LA_D_1123562.flac,LA_D_1123562.flac,LA_0073,A03,spoof,0,cal_fit
C:\Users\jayan\OneDrive\Desktop\VERA\data\asvspoof2019\dev\flac\LA_D_1210958.flac,LA_D_1210958.flac,LA_0073,A03,spoof,0,cal_fit
C:\Users\jayan\OneDrive\Desktop\VERA\data\asvspoof2019\dev\flac\LA_D_1242157.flac,LA_D_1242157.flac,LA_0073,A03,spoof,0,cal_fit
C:\Users\jayan\OneDrive\Desktop\VERA\data\asvspoof2019\dev\flac\LA_D_1252608.flac,LA_D_1252608.flac,LA_0073,A03,spoof,0,cal_fit
C:\Users\jayan\OneDrive\Desktop\VERA\data\asvspoof2019\dev\flac\LA_D_1025356.flac,LA_D_1025356.flac,LA_0073,A04,spoof,0,cal_fit
C:\Users\jayan\OneDrive\Desktop\VERA\data\asvspoof2019\dev\flac\LA_D_1030640.flac,LA_D_1030640.flac,LA_0073,A04,spoof,0,cal_fit
C:\Users\jayan\OneDrive\Desktop\VERA\data\asvspoof2019\dev\flac\LA_D_1054205.flac,LA_D_1054205.flac,LA_0073,A04,spoof,0,cal_fit
C:\Users\jayan\OneDrive\Desktop\VERA\data\asvspoof2019\dev\flac\LA_D_1071291.flac,LA_D_1071291.flac,LA_0073,A04,spoof,0,cal_fit
C:\Users\jayan\OneDrive\Desktop\VERA\data\asvspoof2019\dev\flac\LA_D_1111073.flac,LA_D_1111073.flac,LA_0073,A04,spoof,0,cal_fit
C:\Users\jayan\OneDrive\Desktop\VERA\data\asvspoof2019\dev\flac\LA_D_1169636.flac,LA_D_1169636.flac,LA_0073,A04,spoof,0,cal_fit
C:\Users\jayan\OneDrive\Desktop\VERA\data\asvspoof2019\dev\flac\LA_D_1185773.flac,LA_D_1185773.flac,LA_0073,A04,spoof,0,cal_fit
C:\Users\jayan\OneDrive\Desktop\VERA\data\asvspoof2019\dev\flac\LA_D_1010205.flac,LA_D_1010205.flac,LA_0073,A05,spoof,0,cal_fit
C:\Users\jayan\OneDrive\Desktop\VERA\data\asvspoof2019\dev\flac\LA_D_1061499.flac,LA_D_1061499.flac,LA_0073,A05,spoof,0,cal_fit
C:\Users\jayan\OneDrive\Desktop\VERA\data\asvspoof2019\dev\flac\LA_D_1080524.flac,LA_D_1080524.flac,LA_0073,A05,spoof,0,cal_fit
C:\Users\jayan\OneDrive\Desktop\VERA\data\asvspoof2019\dev\flac\LA_D_1082871.flac,LA_D_1082871.flac,LA_0073,A05,spoof,0,cal_fit
C:\Users\jayan\OneDrive\Desktop\VERA\data\asvspoof2019\dev\flac\LA_D_1084804.flac,LA_D_1084804.flac,LA_0073,A05,spoof,0,cal_fit
C:\Users\jayan\OneDrive\Desktop\VERA\data\asvspoof2019\dev\flac\LA_D_1158428.flac,LA_D_1158428.flac,LA_0073,A05,spoof,0,cal_fit
C:\Users\jayan\OneDrive\Desktop\VERA\data\asvspoof2019\dev\flac\LA_D_1171849.flac,LA_D_1171849.flac,LA_0073,A05,spoof,0,cal_fit
C:\Users\jayan\OneDrive\Desktop\VERA\data\asvspoof2019\dev\flac\LA_D_1004774.flac,LA_D_1004774.flac,LA_0073,A06,spoof,0,cal_fit
C:\Users\jayan\OneDrive\Desktop\VERA\data\asvspoof2019\dev\flac\LA_D_1020087.flac,LA_D_1020087.flac,LA_0073,A06,spoof,0,cal_fit
C:\Users\jayan\OneDrive\Desktop\VERA\data\asvspoof2019\dev\flac\LA_D_1083406.flac,LA_D_1083406.flac,LA_0073,A06,spoof,0,cal_fit
C:\Users\jayan\OneDrive\Desktop\VERA\data\asvspoof2019\dev\flac\LA_D_1088963.flac,LA_D_1088963.flac,LA_0073,A06,spoof,0,cal_fit
C:\Users\jayan\OneDrive\Desktop\VERA\data\asvspoof2019\dev\flac\LA_D_1091851.flac,LA_D_1091851.flac,LA_0073,A06,spoof,0,cal_fit
C:\Users\jayan\OneDrive\Desktop\VERA\data\asvspoof2019\dev\flac\LA_D_1094379.flac,LA_D_1094379.flac,LA_0073,A06,spoof,0,cal_fit
C:\Users\jayan\OneDrive\Desktop\VERA\data\asvspoof2019\dev\flac\LA_D_1144247.flac,LA_D_1144247.flac,LA_0073,A06,spoof,0,cal_fit
C:\Users\jayan\OneDrive\Desktop\VERA\data\asvspoof2019\dev\flac\LA_D_1084356.flac,LA_D_1084356.flac,LA_0074,-,bonafide,1,cal_fit
C:\Users\jayan\OneDrive\Desktop\VERA\data\asvspoof2019\dev\flac\LA_D_1086391.flac,LA_D_1086391.flac,LA_0074,-,bonafide,1,cal_fit
C:\Users\jayan\OneDrive\Desktop\VERA\data\asvspoof2019\dev\flac\LA_D_1123614.flac,LA_D_1123614.flac,LA_0074,-,bonafide,1,cal_fit
C:\Users\jayan\OneDrive\Desktop\VERA\data\asvspoof2019\dev\flac\LA_D_1281950.flac,LA_D_1281950.flac,LA_0074,-,bonafide,1,cal_fit
C:\Users\jayan\OneDrive\Desktop\VERA\data\asvspoof2019\dev\flac\LA_D_1313431.flac,LA_D_1313431.flac,LA_0074,-,bonafide,1,cal_fit
C:\Users\jayan\OneDrive\Desktop\VERA\data\asvspoof2019\dev\flac\LA_D_1336221.flac,LA_D_1336221.flac,LA_0074,-,bonafide,1,cal_fit
C:\Users\jayan\OneDrive\Desktop\VERA\data\asvspoof2019\dev\flac\LA_D_1389698.flac,LA_D_1389698.flac,LA_0074,-,bonafide,1,cal_fit
C:\Users\jayan\OneDrive\Desktop\VERA\data\asvspoof2019\dev\flac\LA_D_1445468.flac,LA_D_1445468.flac,LA_0074,-,bonafide,1,cal_fit
C:\Users\jayan\OneDrive\Desktop\VERA\data\asvspoof2019\dev\flac\LA_D_1459930.flac,LA_D_1459930.flac,LA_0074,-,bonafide,1,cal_fit
C:\Users\jayan\OneDrive\Desktop\VERA\data\asvspoof2019\dev\flac\LA_D_1481335.flac,LA_D_1481335.flac,LA_0074,-,bonafide,1,cal_fit
C:\Users\jayan\OneDrive\Desktop\VERA\data\asvspoof2019\dev\flac\LA_D_1494418.flac,LA_D_1494418.flac,LA_0074,-,bonafide,1,cal_fit
C:\Users\jayan\OneDrive\Desktop\VERA\data\asvspoof2019\dev\flac\LA_D_1517231.flac,LA_D_1517231.flac,LA_0074,-,bonafide,1,cal_fit
C:\Users\jayan\OneDrive\Desktop\VERA\data\asvspoof2019\dev\flac\LA_D_1541519.flac,LA_D_1541519.flac,LA_0074,-,bonafide,1,cal_fit
C:\Users\jayan\OneDrive\Desktop\VERA\data\asvspoof2019\dev\flac\LA_D_1558714.flac,LA_D_1558714.flac,LA_0074,-,bonafide,1,cal_fit
C:\Users\jayan\OneDrive\Desktop\VERA\data\asvspoof2019\dev\flac\LA_D_1736286.flac,LA_D_1736286.flac,LA_0074,-,bonafide,1,cal_fit
C:\Users\jayan\OneDrive\Desktop\VERA\data\asvspoof2019\dev\flac\LA_D_1803008.flac,LA_D_1803008.flac,LA_0074,-,bonafide,1,cal_fit
C:\Users\jayan\OneDrive\Desktop\VERA\data\asvspoof2019\dev\flac\LA_D_1805739.flac,LA_D_1805739.flac,LA_0074,-,bonafide,1,cal_fit
C:\Users\jayan\OneDrive\Desktop\VERA\data\asvspoof2019\dev\flac\LA_D_1859048.flac,LA_D_1859048.flac,LA_0074,-,bonafide,1,cal_fit
C:\Users\jayan\OneDrive\Desktop\VERA\data\asvspoof2019\dev\flac\LA_D_1881724.flac,LA_D_1881724.flac,LA_0074,-,bonafide,1,cal_fit
C:\Users\jayan\OneDrive\Desktop\VERA\data\asvspoof2019\dev\flac\LA_D_1930138.flac,LA_D_1930138.flac,LA_0074,-,bonafide,1,cal_fit
C:\Users\jayan\OneDrive\Desktop\VERA\data\asvspoof2019\dev\flac\LA_D_1964638.flac,LA_D_1964638.flac,LA_0074,-,bonafide,1,cal_fit
C:\Users\jayan\OneDrive\Desktop\VERA\data\asvspoof2019\dev\flac\LA_D_2053527.flac,LA_D_2053527.flac,LA_0074,-,bonafide,1,cal_fit
C:\Users\jayan\OneDrive\Desktop\VERA\data\asvspoof2019\dev\flac\LA_D_2324235.flac,LA_D_2324235.flac,LA_0074,-,bonafide,1,cal_fit
C:\Users\jayan\OneDrive\Desktop\VERA\data\asvspoof2019\dev\flac\LA_D_2462521.flac,LA_D_2462521.flac,LA_0074,-,bonafide,1,cal_fit
C:\Users\jayan\OneDrive\Desktop\VERA\data\asvspoof2019\dev\flac\LA_D_2534849.flac,LA_D_2534849.flac,LA_0074,-,bonafide,1,cal_fit
C:\Users\jayan\OneDrive\Desktop\VERA\data\asvspoof2019\dev\flac\LA_D_2658622.flac,LA_D_2658622.flac,LA_0074,-,bonafide,1,cal_fit
C:\Users\jayan\OneDrive\Desktop\VERA\data\asvspoof2019\dev\flac\LA_D_2690780.flac,LA_D_2690780.flac,LA_0074,-,bonafide,1,cal_fit
C:\Users\jayan\OneDrive\Desktop\VERA\data\asvspoof2019\dev\flac\LA_D_2832141.flac,LA_D_2832141.flac,LA_0074,-,bonafide,1,cal_fit
C:\Users\jayan\OneDrive\Desktop\VERA\data\asvspoof2019\dev\flac\LA_D_1018598.flac,LA_D_1018598.flac,LA_0074,A01,spoof,0,cal_fit
C:\Users\jayan\OneDrive\Desktop\VERA\data\asvspoof2019\dev\flac\LA_D_1028482.flac,LA_D_1028482.flac,LA_0074,A01,spoof,0,cal_fit
C:\Users\jayan\OneDrive\Desktop\VERA\data\asvspoof2019\dev\flac\LA_D_1035474.flac,LA_D_1035474.flac,LA_0074,A01,spoof,0,cal_fit
C:\Users\jayan\OneDrive\Desktop\VERA\data\asvspoof2019\dev\flac\LA_D_1049366.flac,LA_D_1049366.flac,LA_0074,A01,spoof,0,cal_fit
C:\Users\jayan\OneDrive\Desktop\VERA\data\asvspoof2019\dev\flac\LA_D_1058790.flac,LA_D_1058790.flac,LA_0074,A01,spoof,0,cal_fit
C:\Users\jayan\OneDrive\Desktop\VERA\data\asvspoof2019\dev\flac\LA_D_1084880.flac,LA_D_1084880.flac,LA_0074,A01,spoof,0,cal_fit
C:\Users\jayan\OneDrive\Desktop\VERA\data\asvspoof2019\dev\flac\LA_D_1099638.flac,LA_D_1099638.flac,LA_0074,A01,spoof,0,cal_fit
C:\Users\jayan\OneDrive\Desktop\VERA\data\asvspoof2019\dev\flac\LA_D_1013596.flac,LA_D_1013596.flac,LA_0074,A02,spoof,0,cal_fit
C:\Users\jayan\OneDrive\Desktop\VERA\data\asvspoof2019\dev\flac\LA_D_1024326.flac,LA_D_1024326.flac,LA_0074,A02,spoof,0,cal_fit
C:\Users\jayan\OneDrive\Desktop\VERA\data\asvspoof2019\dev\flac\LA_D_1029401.flac,LA_D_1029401.flac,LA_0074,A02,spoof,0,cal_fit
C:\Users\jayan\OneDrive\Desktop\VERA\data\asvspoof2019\dev\flac\LA_D_1051032.flac,LA_D_1051032.flac,LA_0074,A02,spoof,0,cal_fit
C:\Users\jayan\OneDrive\Desktop\VERA\data\asvspoof2019\dev\flac\LA_D_1089922.flac,LA_D_1089922.flac,LA_0074,A02,spoof,0,cal_fit
C:\Users\jayan\OneDrive\Desktop\VERA\data\asvspoof2019\dev\flac\LA_D_1099173.flac,LA_D_1099173.flac,LA_0074,A02,spoof,0,cal_fit
C:\Users\jayan\OneDrive\Desktop\VERA\data\asvspoof2019\dev\flac\LA_D_1141551.flac,LA_D_1141551.flac,LA_0074,A02,spoof,0,cal_fit
C:\Users\jayan\OneDrive\Desktop\VERA\data\asvspoof2019\dev\flac\LA_D_1013783.flac,LA_D_1013783.flac,LA_0074,A03,spoof,0,cal_fit
C:\Users\jayan\OneDrive\Desktop\VERA\data\asvspoof2019\dev\flac\LA_D_1050286.flac,LA_D_1050286.flac,LA_0074,A03,spoof,0,cal_fit
C:\Users\jayan\OneDrive\Desktop\VERA\data\asvspoof2019\dev\flac\LA_D_1063236.flac,LA_D_1063236.flac,LA_0074,A03,spoof,0,cal_fit
C:\Users\jayan\OneDrive\Desktop\VERA\data\asvspoof2019\dev\flac\LA_D_1074980.flac,LA_D_1074980.flac,LA_0074,A03,spoof,0,cal_fit
C:\Users\jayan\OneDrive\Desktop\VERA\data\asvspoof2019\dev\flac\LA_D_1075455.flac,LA_D_1075455.flac,LA_0074,A03,spoof,0,cal_fit
C:\Users\jayan\OneDrive\Desktop\VERA\data\asvspoof2019\dev\flac\LA_D_1136051.flac,LA_D_1136051.flac,LA_0074,A03,spoof,0,cal_fit
C:\Users\jayan\OneDrive\Desktop\VERA\data\asvspoof2019\dev\flac\LA_D_1138581.flac,LA_D_1138581.flac,LA_0074,A03,spoof,0,cal_fit
C:\Users\jayan\OneDrive\Desktop\VERA\data\asvspoof2019\dev\flac\LA_D_1003797.flac,LA_D_1003797.flac,LA_0074,A04,spoof,0,cal_fit
C:\Users\jayan\OneDrive\Desktop\VERA\data\asvspoof2019\dev\flac\LA_D_1058697.flac,LA_D_1058697.flac,LA_0074,A04,spoof,0,cal_fit
C:\Users\jayan\OneDrive\Desktop\VERA\data\asvspoof2019\dev\flac\LA_D_1068250.flac,LA_D_1068250.flac,LA_0074,A04,spoof,0,cal_fit
C:\Users\jayan\OneDrive\Desktop\VERA\data\asvspoof2019\dev\flac\LA_D_1106906.flac,LA_D_1106906.flac,LA_0074,A04,spoof,0,cal_fit
C:\Users\jayan\OneDrive\Desktop\VERA\data\asvspoof2019\dev\flac\LA_D_1173972.flac,LA_D_1173972.flac,LA_0074,A04,spoof,0,cal_fit
C:\Users\jayan\OneDrive\Desktop\VERA\data\asvspoof2019\dev\flac\LA_D_1191562.flac,LA_D_1191562.flac,LA_0074,A04,spoof,0,cal_fit
C:\Users\jayan\OneDrive\Desktop\VERA\data\asvspoof2019\dev\flac\LA_D_1217069.flac,LA_D_1217069.flac,LA_0074,A04,spoof,0,cal_fit
C:\Users\jayan\OneDrive\Desktop\VERA\data\asvspoof2019\dev\flac\LA_D_1029785.flac,LA_D_1029785.flac,LA_0074,A05,spoof,0,cal_fit
C:\Users\jayan\OneDrive\Desktop\VERA\data\asvspoof2019\dev\flac\LA_D_1056838.flac,LA_D_1056838.flac,LA_0074,A05,spoof,0,cal_fit
C:\Users\jayan\OneDrive\Desktop\VERA\data\asvspoof2019\dev\flac\LA_D_1124968.flac,LA_D_1124968.flac,LA_0074,A05,spoof,0,cal_fit
C:\Users\jayan\OneDrive\Desktop\VERA\data\asvspoof2019\dev\flac\LA_D_1149633.flac,LA_D_1149633.flac,LA_0074,A05,spoof,0,cal_fit
C:\Users\jayan\OneDrive\Desktop\VERA\data\asvspoof2019\dev\flac\LA_D_1157084.flac,LA_D_1157084.flac,LA_0074,A05,spoof,0,cal_fit
C:\Users\jayan\OneDrive\Desktop\VERA\data\asvspoof2019\dev\flac\LA_D_1235306.flac,LA_D_1235306.flac,LA_0074,A05,spoof,0,cal_fit
C:\Users\jayan\OneDrive\Desktop\VERA\data\asvspoof2019\dev\flac\LA_D_1236459.flac,LA_D_1236459.flac,LA_0074,A05,spoof,0,cal_fit
C:\Users\jayan\OneDrive\Desktop\VERA\data\asvspoof2019\dev\flac\LA_D_1008834.flac,LA_D_1008834.flac,LA_0074,A06,spoof,0,cal_fit
C:\Users\jayan\OneDrive\Desktop\VERA\data\asvspoof2019\dev\flac\LA_D_1029623.flac,LA_D_1029623.flac,LA_0074,A06,spoof,0,cal_fit
C:\Users\jayan\OneDrive\Desktop\VERA\data\asvspoof2019\dev\flac\LA_D_1135973.flac,LA_D_1135973.flac,LA_0074,A06,spoof,0,cal_fit
C:\Users\jayan\OneDrive\Desktop\VERA\data\asvspoof2019\dev\flac\LA_D_1170726.flac,LA_D_1170726.flac,LA_0074,A06,spoof,0,cal_fit
C:\Users\jayan\OneDrive\Desktop\VERA\data\asvspoof2019\dev\flac\LA_D_1233766.flac,LA_D_1233766.flac,LA_0074,A06,spoof,0,cal_fit
C:\Users\jayan\OneDrive\Desktop\VERA\data\asvspoof2019\dev\flac\LA_D_1244860.flac,LA_D_1244860.flac,LA_0074,A06,spoof,0,cal_fit
C:\Users\jayan\OneDrive\Desktop\VERA\data\asvspoof2019\dev\flac\LA_D_1250618.flac,LA_D_1250618.flac,LA_0074,A06,spoof,0,cal_fit
